Mesto,Razdalja,Veter,Ime,Rojstvo,Drzava,Prizorisce,Datum,Rezultat,Starost
1,7.22,-1.4,Malaika MIHAMBO,03 FEB 1994,GER,"Stadio Olimpico, Roma (ITA)",12 JUN 2024,1275,30
2,7.18,0.0,Tara DAVIS-WOODHALL,20 MAY 1999,USA,"Convention Center, Albuquerque, NM (USA) (i)",16 FEB 2024,1258,24
3,6.98,+1.1,Jasmine MOORE,01 MAY 2001,USA,"Hayward Field, Eugene, OR (USA)",29 JUN 2024,1213,23
4,6.97,+0.6,Plamena MITKOVA,18 SEP 2004,BUL,"Stadium Ivaylo, Veliko Tarnovo (BUL)",30 JUN 2024,1211,19
5,6.94,+0.1,Larissa IAPICHINO,18 JUL 2002,ITA,"Stadio Olimpico, Roma (ITA)",12 JUN 2024,1205,21
5,6.94,+1.7,Alina ROTARU-KOTTMANN,05 JUN 1993,ROU,"Municipal Theatre Of Piraeus, Piraeus (GRE)",23 JUN 2024,1205,31
5,6.94,+0.9,Tionna TOBIAS,14 NOV 2000,USA,"Percy Beard Track, Gainesville, FL (USA)",19 JUL 2024,1205,23
8,6.91,0.0,Mikaelle ASSANI,18 AUG 2002,GER,"Quarterback Immobilien Arena, Leipzig (GER) (i)",18 FEB 2024,1198,21
8,6.91,-0.1,Agate DE SOUSA,05 JUN 2000,POR,"Stadio Olimpico, Roma (ITA)",12 JUN 2024,1198,24
10,6.88,-0.7,Hilary KPATCHA,05 MAY 1998,FRA,"Stadio Olimpico, Roma (ITA)",12 JUN 2024,1195,26
11,6.87,0.0,Ruth USORO,08 OCT 1997,NGR,"Sports Performance Center, Lubbock, TX (USA) (i)",09 FEB 2024,1189,26
11,6.87,-1.2,Natalia LINARES,03 JAN 2003,COL,"Bregy&#243; Athletic Center, Sz&#233;kesfeh&#233;rv&#225;r (HUN)",09 JUL 2024,1196,21
13,6.86,+1.0,Sophia BECKMON,17 AUG 2005,USA,"Demirjian Park, Champaign, IL (USA)",04 MAY 2024,1187,18
13,6.86,-0.7,Quanesha BURKS,15 MAR 1995,USA,"Icahn Stadium, New York, NY (USA)",09 JUN 2024,1191,29
13,6.86,+0.2,Monae&#39; NICHOLS,24 NOV 1998,USA,"Hayward Field, Eugene, OR (USA)",29 JUN 2024,1187,25
16,6.85,0.0,Ackelia SMITH,05 FEB 2002,JAM,"Convention Center, Albuquerque, NM (USA) (i)",02 FEB 2024,1185,21
16,6.85,+1.4,Hayla GONZ&#193;LEZ,28 OCT 2003,CUB,"Pista atletismo Fuente de la Ni&#241;a, Guadalajara (ESP)",12 JUN 2024,1185,20
18,6.84,0.0,Ese BRUME,20 JAN 1996,NGR,"Houston-Yeoman FH, Houston, TX (USA) (i)",09 FEB 2024,1183,28
18,6.84,0.0,Viyaleta SKVARTSOVA,15 APR 1998,BLR,"LFK CSKA, Moskva (RUS) (i)",24 FEB 2024,1183,25
18,6.84,-0.3,Annik K&#196;LIN,27 APR 2000,SUI,"Stadio Olimpico, Roma (ITA)",08 JUN 2024,1184,24
21,6.83,+1.1,Lex BROWN,26 APR 2001,USA,"Clyde Hart Track &amp; Field Stadium, Waco, TX (USA)",10 MAY 2024,1180,23
22,6.81,0.0,Laura Raquel M&#220;LLER,23 APR 2004,GER,"Helmut-K&#246;rnig-Halle, Dortmund (GER) (i)",20 JAN 2024,1176,19
23,6.80,0.0,Tacoria HUMPHREY,02 JAN 2003,USA,"Demirjian Park, Champaign, IL (USA)",04 MAY 2024,1174,21
25,6.78,0.0,Yelena SOKOLOVA,23 JUL 1986,RUS,"LFK CSKA, Moskva (RUS) (i)",24 FEB 2024,1169,37
25,6.78,0.0,F&#225;tima DIAME,22 SEP 1996,ESP,"Glasgow Arena, Glasgow (GBR) (i)",03 MAR 2024,1169,27
27,6.77,0.0,Nastassia MIRONCHYK-IVANOVA,13 APR 1989,BLR,"Olimpiyets Arena, Mogilyov (BLR) (i)",19 JAN 2024,1167,34
28,6.76,+0.3,Milica GARDAŠEVIĆ,28 SEP 1998,SRB,"Stadion Śląski, Chorz&#243;w (POL)",18 MAY 2024,1165,25
29,6.75,+1.8,Eliane MARTINS,26 MAY 1986,BRA,"Pista atletismo Fuente de la Ni&#241;a, Guadalajara (ESP)",12 JUN 2024,1163,38
30,6.74,0.0,Sydney WILLITS,28 OCT 2002,USA,"The Track at New Balance, Boston, MA (USA) (i)",08 MAR 2024,1160,21
30,6.74,+0.6,Claire BRYANT,25 AUG 2001,USA,"Hayward Field, Eugene, OR (USA)",06 JUN 2024,1160,22
32,6.72,+0.9,Madisen RICHARDS,15 NOV 1996,USA,"Jack Rose Track, Long Beach, CA (USA)",11 APR 2024,1156,27
32,6.72,+0.1,Sumire HATA,04 MAY 1996,JPN,"Yanmar Stadium Nagai, Osaka (JPN)",12 MAY 2024,1156,28
32,6.72,-0.2,Marthe KOALA,08 MAR 1994,BUR,"Stade Omnisport de JAPOMA, Douala (CMR)",23 JUN 2024,1157,30
35,6.71,+0.2,Tiffany FLYNN,02 SEP 1995,USA,"Edwin Moses Track, Atlanta, GA (USA)",31 MAY 2024,1154,28
35,6.71,+1.6,Nicole WARWICK,31 AUG 1998,USA,"Greenhill HS, Dallas, TX (USA)",02 JUN 2024,1154,25
35,6.71,+0.1,Ancy SOJAN EDAPPILLY,01 MAR 2001,IND,"Sree Kanteerava Outdoor Stadium, Bengaluru (IND)",02 SEP 2024,1154,23
38,6.69,+1.0,Yanis DAVID,12 DEC 1997,FRA,"Parc des Sports, Annecy (FRA)",25 MAY 2024,1149,26
38,6.69,+1.6,Pauline HONDEMA,28 MAR 2000,NED,"Sportcentrum Wembley, Kortrijk (BEL)",13 JUL 2024,1149,24
40,6.68,0.0,Yekaterina LEVITSKAYA,02 JAN 1987,RUS,"LFK CSKA, Moskva (RUS) (i)",24 FEB 2024,1147,37
40,6.68,-0.5,Jogailė PETROKAITĖ,30 SEP 1995,LTU,"Stadio Olimpico, Roma (ITA)",12 JUN 2024,1150,28
40,6.68,+1.9,Esraa OWIS,15 OCT 1997,EGY,"Suez Canal Authority Stadium, Ismailia (EGY)",29 JUN 2024,1147,26
44,6.67,0.0,Lissandra Maysa CAMPOS,06 FEB 2002,BRA,"Pista de Atletismo da Universidade Federal do Mato Grosso, Cuiaba (BRA)",16 MAR 2024,1145,22
44,6.67,-0.3,James NAYANA,18 OCT 1995,IND,"Anju Bobby High Performance Centre, Bengaluru (IND)",20 MAR 2024,1146,28
44,6.67,+0.5,Tissanna HICKLING,07 JAN 1998,JAM,"Jamaica College Ashenheim Stadium, Kingston (JAM)",20 APR 2024,1145,26
47,6.66,0.0,Alyssa JONES,06 FEB 2004,USA,"The Track at New Balance, Boston, MA (USA) (i)",08 MAR 2024,1143,20
47,6.66,-1.1,&#201;loyse LESUEUR-AYMONIN,15 JUL 1988,FRA,"Stade Josette et Roger Mikulak, Angers (FRA)",29 JUN 2024,1149,35
47,6.66,+1.3,Taisiya DMITRIYEVA,13 MAY 2003,RUS,"Olympic Stadium, Cheboksary (RUS)",07 JUL 2024,1143,21
50,6.65,0.0,Mar&#237;a VICENTE,28 MAR 2001,ESP,"Stadium Jean-Pellez, Aubi&#233;re (FRA) (i)",28 JAN 2024,1141,22
50,6.65,+0.4,Kaiza KARL&#201;N,04 DEC 1998,SWE,"Estadio de Atletismo del Turia, Valencia (ESP)",04 MAY 2024,1141,25
50,6.65,+1.6,Oksana MALOHLOVETS,11 SEP 1996,UKR,"Avangard Stadium, Lutsk (UKR)",18 MAY 2024,1141,27
50,6.65,-0.3,Angelica BERRIOT,02 JUL 1999,FRA,"Boudewijnstadion, Bruxelles (BEL)",25 MAY 2024,1142,24
50,6.65,-1.0,Magdalena BOKUN,29 MAY 1996,POL,"Stadio Olimpico, Roma (ITA)",11 JUN 2024,1147,28
55,6.64,+1.9,Darja SOPOVA,18 FEB 2002,LAT,"Demirjian Park, Champaign, IL (USA)",13 APR 2024,1138,22
55,6.64,+0.3,Irati MITXELENA,03 JUL 1998,ESP,"Pista de Atletismo de Landako, Durango (ESP)",05 MAY 2024,1138,25
55,6.64,+1.2,Filippa KVITEN,20 DEC 1996,CYP,"Municipal Theatre Of Piraeus, Piraeus (GRE)",23 JUN 2024,1138,27
55,6.64,+0.4,Malin STAVENOW,02 SEP 2001,GER,"Olympiastadion, Berlin (GER)",01 SEP 2024,1138,22
59,6.63,+0.8,Alysbeth FELIX BOYER,07 MAR 1993,PUR,"La Vicentina, Quito (ECU)",23 JUN 2024,1136,31
60,6.62,-1.4,Mengyi TAN,05 SEP 2002,CHN,"Guoxin Sports Center, Qingdao (CHN)",13 MAY 2024,1142,21
60,6.62,+1.6,Brooke BUSCHKUEHL,12 JUL 1993,AUS,"CVEATC, Chula Vista, CA (USA)",02 JUN 2024,1134,30
60,6.62,-0.1,Rogilia-chriss BISSEMO,05 APR 2002,FRA,"Stade Josette et Roger Mikulak, Angers (FRA)",29 JUN 2024,1134,22
63,6.61,+0.3,Danielle NOLTE,11 JAN 2002,RSA,"Msunduzi Athletics Stadium, Pietermaritzburg (RSA)",20 APR 2024,1132,22
63,6.61,+0.9,Martha ARAUJO,12 MAY 1996,COL,"Stade de France, Paris (FRA)",09 AUG 2024,1132,28
65,6.60,-2.3,Anthaya CHARLTON,28 JUL 2003,BAH,"Percy Beard Track, Gainesville, FL (USA)",12 APR 2024,1143,20
65,6.60,-0.5,Maryse LUZOLO,15 MAR 1995,GER,"Hans-Bretz-Stadion, Ettlingen (GER)",12 MAY 2024,1133,29
65,6.60,-0.7,Maja &#197;SKAG,18 DEC 2002,SWE,"Stadio Olimpico, Roma (ITA)",11 JUN 2024,1134,21
65,6.60,+1.7,Tessy EBOSELE,28 JUL 2002,ESP,"Pista atletismo Fuente de la Ni&#241;a, Guadalajara (ESP)",23 JUN 2024,1130,21
69,6.59,+0.2,Funminiyi OLAJIDE,04 JUN 2002,GBR,"Park West Ath. Complex, San Antonio, TX (USA)",11 MAY 2024,1128,21
69,6.59,+0.1,Nafissatou THIAM,19 AUG 1994,BEL,"Stadio Olimpico, Roma (ITA)",08 JUN 2024,1128,29
69,6.59,-0.3,Nikola HOROWSKA,03 JAN 2001,POL,"Zdzisław Krzyszkowiak Stadium, Bydgoszcz (POL)",28 JUN 2024,1129,23
69,6.59,-0.1,Shaili SINGH,07 JAN 2004,IND,"Tau Devi Lal Stadium, Panchkula (IND)",30 JUN 2024,1128,20
73,6.58,0.0,Taliyah BROOKS,08 FEB 1995,USA,"Randal Tyson Indoor Center, Fayetteville, AR (USA) (i)",09 FEB 2024,1125,29
73,6.58,0.0,Ida Andrea BREIGAN,22 JUL 2004,NOR,"CrossPlex Athletic Facility, Birmingham, AL (USA) (i)",24 FEB 2024,1125,19
73,6.58,+0.8,Viktoria GORLOVA,22 MAY 2001,RUS,"University of North Florda Jax Track at Hodges Stadium, Jacksonville, FL (USA)",26 APR 2024,1125,22
73,6.58,+0.1,Khaddi SAGNIA,20 APR 1994,SWE,"Dubai Police Club Stadium, Dubai (UAE)",03 MAY 2024,1125,30
73,6.58,+1.3,Nathalee ARANDA,22 FEB 1995,PAN,"Pista atletismo Fuente de la Ni&#241;a, Guadalajara (ESP)",12 JUN 2024,1125,29
73,6.58,+0.7,Delta AMIDZOVSKI,23 AUG 2006,AUS,"Estadio Atl&#233;tico de la VIDENA, Lima (PER)",28 AUG 2024,1125,18
80,6.57,0.0,Angelina TOPIĆ,26 JUL 2005,SRB,"Atletska dvorana, Beograd (SRB) (i)",24 JAN 2024,1123,18
80,6.57,0.0,Rougui SOW,07 JUN 1995,FRA,"Stadium Pierre-Quinon, Nantes (FRA) (i)",27 JAN 2024,1123,28
82,6.56,0.0,Joniar THOMAS,30 APR 2001,GRN,"R.A. &quot;Murray&quot; Fasken Indoor Track Stadium, College Station, TX (USA) (i)",20 JAN 2024,1121,22
82,6.56,0.0,Nia ROBINSON,08 NOV 2001,JAM,"Randal Tyson Indoor Center, Fayetteville, AR (USA) (i)",26 JAN 2024,1121,22
82,6.56,0.0,Leticia ORO MELO,05 OCT 1997,BRA,"Expocentro, Pombal (POR) (i)",04 FEB 2024,1121,26
82,6.56,+1.6,Velecia WILLIAMS,09 JUL 2002,JAM,"John McDonnell Field, Fayetteville, AR (USA)",23 MAY 2024,1121,21
82,6.56,+1.7,Tyra GITTENS,06 JUN 1998,TTO,"Stade d&#39;Athletisme Pierre Voillequin, Troyes (FRA)",16 JUN 2024,1121,26
82,6.56,+1.9,Petra B&#193;NHIDI-FARKAS,30 APR 1999,HUN,"Iharos S&#225;ndor Atl&#233;tikai P&#225;lya, Budapest (HUN)",22 JUN 2024,1121,25
82,6.56,+1.3,Kristina GURSKAYA,22 NOV 1996,RUS,"Olympic Stadium, Cheboksary (RUS)",07 JUL 2024,1121,27
90,6.55,0.0,Lovisa KARLSSON,15 JAN 2000,SWE,"Eva Lisa Holtz Arena, Karlstad (SWE) (i)",18 FEB 2024,1119,24
90,6.55,+1.2,Antriana GKOGKA,10 DEC 2003,GRE,"Suez Canal Authority Stadium, Ismailia (EGY)",18 MAY 2024,1119,20
90,6.55,+0.6,Tilde JOHANSSON,05 JAN 2001,SWE,"Stadio Olimpico, Roma (ITA)",11 JUN 2024,1119,23
90,6.55,+0.1,Jade O&#39;DOWDA,09 SEP 1999,GBR,"Manchester Regional Arena, Manchester (GBR)",30 JUN 2024,1119,24
94,6.54,0.0,Sha&#39;keela SAUNDERS,12 DEC 1993,USA,"Convention Center, Albuquerque, NM (USA) (i)",16 FEB 2024,1117,30
94,6.54,+1.7,Evelise VEIGA,03 MAR 1996,POR,"Estadio Universitario, Lisboa (POR)",18 MAY 2024,1117,28
94,6.54,+1.7,Daniela GUBLER,22 MAR 1994,SUI,"Stadion Trinermatten, Zofingen (SUI)",18 MAY 2024,1117,30
94,6.54,+0.5,Katarina JOHNSON-THOMPSON,09 JAN 1993,GBR,"Olympic Stadium, London (GBR)",20 JUL 2024,1117,31
99,6.53,+1.7,Chantel MALONE,02 DEC 1991,IVB,"National Training Center, Clermont, FL (USA)",11 MAY 2024,1114,32
99,6.53,+0.3,Neja FILIPIČ,22 APR 1995,SLO,"Stadio Olimpico, Roma (ITA)",11 JUN 2024,1114,29
101,6.52,0.0,Jessica K&#196;H&#196;R&#196;,01 AUG 2001,FIN,"TESC, Tampere (FIN) (i)",23 JAN 2024,1112,22
101,6.52,+0.7,Aislinn MCELHANEY,05 JUL 2001,USA,"Paul Derr TF Facility, Raleigh, NC (USA)",30 MAR 2024,1112,22
101,6.52,0.0,Jasmine TODD,23 DEC 1993,USA,"Cougar Athletic Stadium, Azusa, CA (USA)",11 MAY 2024,1112,30
101,6.52,0.0,Alice HOPKINS,30 DEC 1998,GBR,"Loughborough University Track, Loughborough (GBR)",19 MAY 2024,1112,25
101,6.52,+1.8,Caitlin SIMMONS,,USA,"John McDonnell Field, Fayetteville, AR (USA)",23 MAY 2024,1112,
101,6.52,+1.2,Diana LESTI,30 MAR 1998,HUN,"Lantos Mih&#225;ly Sportk&#246;zpont, Budapest (HUN)",26 MAY 2024,1112,26
101,6.52,+1.1,Roksana JĘDRASZAK,28 MAY 2002,POL,"Stadion BOSiR, Białystok (POL)",31 AUG 2024,1112,22
108,6.51,0.0,Chanice PORTER,25 MAY 1994,JAM,"Clemson Indoor Track &amp; Field Complex, Clemson, SC (USA) (i)",26 JAN 2024,1110,29
108,6.51,0.0,Valeriya MOSKVITINA,06 APR 2003,RUS,"Olimpiyets Arena, Slavyansk-na-Kubani (RUS) (i)",27 JAN 2024,1110,20
108,6.51,+0.9,Nemata NIKIEMA,25 SEP 2003,BUR,"COTP Stadium, S&#227;o Paulo (BRA)",24 AUG 2024,1110,20
111,6.50,+0.7,Samantha DALE,30 JUN 2001,AUS,"Lakeside Stadium, Melbourne (AUS)",15 FEB 2024,1108,22
111,6.50,0.0,Noor VIDTS,30 MAY 1996,BEL,"Glasgow Arena, Glasgow (GBR) (i)",01 MAR 2024,1108,27
111,6.50,0.0,Jenica BOSKO,18 NOV 2002,USA,"Univ. of Arizona Roy P. Drachman Stadium, Tucson, AZ (USA)",22 MAR 2024,1108,21
111,6.50,+1.8,Morgan SMALLS,11 MAY 2002,USA,"LSU Bernie Moore Stadium, Baton Rouge, LA (USA)",29 MAR 2024,1108,21
111,6.50,+0.5,Janae DE GANNES,17 OCT 2006,TTO,"Kirani James Athletic Stadium, St. George&#39;s (GRN)",01 APR 2024,1108,17
111,6.50,0.0,Emilia SJ&#214;STRAND,16 MAR 2002,SWE,"Veterans Memorial Stadium, Clovis, CA (USA)",10 MAY 2024,1108,22
111,6.50,+1.7,Lucie KIENAST,01 JUN 2001,GER,"M&#246;sle-Stadium, G&#246;tzis (AUT)",19 MAY 2024,1108,22
118,6.49,+0.3,Georgina SCOOT,15 JAN 2004,GBR,"Weaver Stadium, Princeton, NJ (USA)",12 APR 2024,1106,20
118,6.49,+1.1,Maja BEDRAČ,10 SEP 1999,SLO,"Atletski stadion Poljane, Maribor (SLO)",05 MAY 2024,1106,24
118,6.49,+0.4,Tabea CHRIST,05 MAY 1998,GER,"Stadion, Gladbeck (GER)",16 JUN 2024,1106,26
118,6.49,+1.7,Maya TAKEUCHI,09 OCT 1998,JPN,"Ishin Me-Life Stadium, Yamaguchi (JPN)",22 SEP 2024,1106,25
122,6.48,0.0,Anaszt&#225;zia NGUYEN,09 JAN 1993,HUN,"Ny&#237;regyh&#225;zi Atl&#233;tikai Centrum, Ny&#237;regyh&#225;za (HUN) (i)",17 FEB 2024,1103,31
122,6.48,+2.0,Elizabeth HEDDING,04 MAR 1996,AUS,"Nga Puna Wai Sports Hub, Christchurch (NZL)",24 FEB 2024,1103,27
122,6.48,+1.9,Susana HERN&#193;NDEZ,18 JAN 1999,MEX,"Bobcat Track and Field Complex, San Marcos, TX (USA)",29 MAR 2024,1103,25
122,6.48,+1.9,Elisa NALDI,15 AUG 1998,ITA,"Stadio delle Palme, Palermo (ITA)",26 MAY 2024,1103,25
126,6.47,+0.4,Luying GONG,22 FEB 2000,CHN,"HOC Stadium, Hangzhou (CHN)",14 APR 2024,1101,24
126,6.47,+1.5,Anna MATUSZEWICZ,05 APR 2003,POL,"Stadion MKS, Aleksandr&#243;w Ł&#243;dzki (POL)",04 MAY 2024,1101,21
126,6.47,+1.1,Anouk VETTER,04 FEB 1993,NED,"M&#246;sle-Stadium, G&#246;tzis (AUT)",19 MAY 2024,1101,31
126,6.47,+1.8,Aniella DELAFOSSE,03 JAN 2001,USA,"CVEATC, Chula Vista, CA (USA)",08 JUN 2024,1101,23
126,6.47,+0.1,Libby BUDER,11 FEB 2004,GER,"Olympiastadion, Berlin (GER)",01 SEP 2024,1101,20
131,6.46,0.0,Aaliyah FOSTER,12 MAY 2005,JAM,"Convention Center, Albuquerque, NM (USA) (i)",02 FEB 2024,1099,18
131,6.46,0.0,Veronika SEMASHKO,17 OCT 1990,RUS,"LFK CSKA, Moskva (RUS) (i)",24 FEB 2024,1099,33
131,6.46,+1.2,A&#39;liyah THOMAS,24 DEC 2002,USA,"University of South Florida Track &amp; Field Stadium, Tampa, FL (USA)",06 APR 2024,1099,21
131,6.46,+2.0,Molly PALMER,27 AUG 2003,GBR,"Horspath Athletics Track, Oxford (GBR)",25 MAY 2024,1099,20
131,6.46,+0.7,Birna Krist&#237;n KRISTJ&#193;NSD&#211;TTIR,30 JUN 2002,ISL,"Lathbury Athletics Stadium, Gibraltar (GIB)",22 JUN 2024,1099,21
131,6.46,+0.8,Allie JONES,29 JUN 2000,USA,"Enwag-Stadion, Wetzlar (GER)",21 JUL 2024,1099,24
137,6.45,0.0,Irma GUNNARSD&#211;TTIR,04 FEB 1998,ISL,"Laugardalsh&#246;ll, Reykjav&#237;k (ISL) (i)",20 JAN 2024,1097,25
137,6.45,0.0,Andrea ARILLA,14 DEC 2004,ESP,"Centro de Tecnificaci&#243;n de Atletismo, Antequera (ESP) (i)",04 FEB 2024,1097,19
137,6.45,0.0,Evelyn YANKEY,02 SEP 2003,ESP,"Centro de Tecnificaci&#243;n de Atletismo, Antequera (ESP) (i)",10 FEB 2024,1097,20
137,6.45,+0.9,Asherah COLLINS,14 NOV 2001,USA,"Percy Beard Track, Gainesville, FL (USA)",29 MAR 2024,1097,22
137,6.45,+1.8,Ilse STEIGENGA,04 OCT 2002,NED,"University of South Florida Track &amp; Field Stadium, Tampa, FL (USA)",06 APR 2024,1097,21
137,6.45,+1.0,Alexandra KELLY,14 JAN 2004,USA,"Weaver Stadium, Princeton, NJ (USA)",12 APR 2024,1097,20
137,6.45,0.0,Mylani GALBREATH,,USA,"Geroge C. Griffin Track, Atlanta, GA (USA)",19 APR 2024,1097,
137,6.45,-2.7,Dainerys HAIT&#205;,09 MAR 2004,CUB,"Estadio Panamericano, La Habana (CUB)",26 APR 2024,1113,20
137,6.45,-0.1,Liisa-Maria LUSTI,22 AUG 2004,EST,"Rannastaadion, P&#228;rnu (EST)",28 MAY 2024,1097,19
137,6.45,-0.6,Julia ADAMCZYK,28 JUL 2005,POL,"Sports Stadium CESA VUT, Brno (CZE)",22 JUN 2024,1100,18
137,6.45,+1.0,Ramilya VALITOVA,10 OCT 1996,RUS,"Znamenskikh Stadion, Moskva (RUS)",04 AUG 2024,1097,27
150,6.44,0.0,Jasmyn STEELS,10 DEC 1997,USA,"Sports Performance Center, Lubbock, TX (USA) (i)",13 JAN 2024,1095,26
150,6.44,0.0,Sofia COSCULLUELA,26 JAN 2004,ESP,"Centro de Tecnificaci&#243;n de Atletismo, Antequera (ESP) (i)",03 FEB 2024,1095,20
150,6.44,0.0,Elizabeth WHITE,29 FEB 2000,USA,"Convention Center, Albuquerque, NM (USA) (i)",09 FEB 2024,1095,23
150,6.44,0.0,Caelyn HARRIS,21 JUL 2004,USA,"Percy Beard Track, Gainesville, FL (USA)",10 MAY 2024,1095,19
154,6.43,-0.1,Hannah WALLER,19 DEC 2001,USA,"Hilmer Lodge Stadium, Walnut, CA (USA)",19 APR 2024,1092,22
154,6.43,+1.5,Alysah HICKEY,08 MAY 2001,USA,"Hilmer Lodge Stadium, Walnut, CA (USA)",20 APR 2024,1092,22
156,6.42,0.0,Caroline KLEIN,04 MAR 1996,GER,"Helmut-Sch&#246;n-Sportpark, Wiesbaden (GER)",04 MAY 2024,1090,28
156,6.42,0.0,Samira ATTERMEYER,04 JAN 2004,GER,"Bezirkssportanlage &#220;berruhr, Essen (GER)",09 MAY 2024,1090,20
156,6.42,-0.1,Ruth HILDEBRAND,16 OCT 2004,GER,"Michael-Hoffmann-Stadion, Mannheim (GER)",20 MAY 2024,1090,19
156,6.42,+1.3,Kitija Paula MELNBĀRDE,10 FEB 2001,LAT,"Jāņa Daliņa Stadium, Valmiera (LAT)",06 JUL 2024,1090,23
164,6.41,0.0,Saga VANNINEN,04 MAY 2003,FIN,"Glasgow Arena, Glasgow (GBR) (i)",01 MAR 2024,1088,20
164,6.41,0.0,Paola FERNANDEZ,26 MAY 2000,PUR,"Pista Basilio Rodriguez, Carolina (PUR)",15 MAR 2024,1088,23
164,6.41,+0.9,Katelyn ADEL,23 OCT 2002,SUI,"Centro Gabre Gabric, Brescia (ITA)",28 APR 2024,1088,21
164,6.41,+0.6,Sophie WEI&#223;ENBERG,24 SEP 1997,GER,"Stadio Olimpico, Roma (ITA)",08 JUN 2024,1088,26
164,6.41,0.0,Ida BEITER BOMME,25 SEP 2001,DEN,"Torvet, Herning (DEN)",21 JUN 2024,1088,22
164,6.41,+0.9,Yelizaveta DYOMINA,01 JUL 2002,RUS,"Olympic Stadium, Cheboksary (RUS)",07 JUL 2024,1088,22
164,6.41,+0.1,Ysee LE PHILIPPE,15 JAN 2002,FRA,"Stadium Municipal, Albi (FRA)",19 JUL 2024,1088,22
164,6.41,+0.6,Shuiqing CHEN,12 APR 2000,CHN,"Sports Center, Quzhou (CHN)",14 SEP 2024,1088,24
172,6.40,0.0,Ayla HALLBERG HOSSAIN,23 DEC 2006,SWE,"Eva Lisa Holtz Arena, Karlstad (SWE) (i)",18 FEB 2024,1086,17
172,6.40,+0.7,Timeke-Jade COETZEE,26 MAY 2006,RSA,"Pilditch Stadium, Pretoria (RSA)",08 MAR 2024,1086,17
172,6.40,0.0,Lishanna ILVES,29 MAY 2000,EST,"Univ. of Arizona Roy P. Drachman Stadium, Tucson, AZ (USA)",06 APR 2024,1086,23
172,6.40,-1.0,Alliyah MCNEIL,25 SEP 2001,JAM,"Univ. of Arizona Roy P. Drachman Stadium, Tucson, AZ (USA)",27 APR 2024,1092,22
172,6.40,+1.9,Sijia GUO,14 FEB 1999,CHN,"Hebei Olympic Sports Center, Qinhuangdao (CHN)",28 APR 2024,1086,25
177,6.39,0.0,Sharlota PAEHLITSE,20 NOV 1998,BLR,"Olimpiyets, Mogilyov (BLR) (i)",17 FEB 2024,1084,25
177,6.39,+2.0,Shaniya BENJAMIN,2002,USA,"University of South Florida Track &amp; Field Stadium, Tampa, FL (USA)",06 APR 2024,1084,
177,6.39,+1.2,Alice CHIVET,08 AUG 2001,FRA,"Stade communautaire d&#39;athl&#233;tisme, Bruay-la-Buissiere (FRA)",12 MAY 2024,1084,22
177,6.39,-0.4,Marija BUKVIĆ,31 MAY 2001,SRB,"Atletski Stadion, Kraljevo (SRB)",07 JUL 2024,1086,23
177,6.39,+0.2,Tuğba DANIŞMAZ,01 SEP 1999,TUR,"Atat&#252;rk Stadyumu, Izmir (TUR)",18 AUG 2024,1084,24
182,6.38,0.0,Lea-Jasmin RIECKE,25 APR 2000,GER,"LA-Halle Brandberge, Halle (GER) (i)",13 JAN 2024,1081,23
182,6.38,0.0,Maryna BEKH-ROMANCHUK,18 JUL 1995,UKR,"Helmut-K&#246;rnig-Halle, Dortmund (GER) (i)",20 JAN 2024,1081,28
182,6.38,0.0,Ashley MOORE,,USA,"Clemson Indoor Track &amp; Field Complex, Clemson, SC (USA) (i)",09 FEB 2024,1081,
182,6.38,0.0,Samiyah SAMUELS,02 OCT 1997,USA,"Convention Center, Albuquerque, NM (USA) (i)",16 FEB 2024,1081,26
182,6.38,0.0,Jiawei ZHONG,07 FEB 1999,CHN,Xi&#39;an (CHN) (i),03 MAR 2024,1081,25
182,6.38,+2.0,Robbie GRACE,2001,USA,"Jack Rose Track, Long Beach, CA (USA)",13 APR 2024,1081,
182,6.38,+1.5,Arianna PASSERI,,USA,"Track &amp; Field Complex, Mankato, MN (USA)",10 MAY 2024,1081,
182,6.38,+0.3,Maria STEFANOPOULOU,17 JUN 1999,GRE,"Central Square, Kalamata (GRE)",21 MAY 2024,1081,24
182,6.38,+1.9,Michelle GRAHAM,,USA,"John McDonnell Field, Fayetteville, AR (USA)",23 MAY 2024,1081,
192,6.37,0.0,Shantae FOREMAN,22 OCT 2002,JAM,"The Track at New Balance, Boston, MA (USA) (i)",23 FEB 2024,1079,21
192,6.37,0.0,Celine-Jada BROWN,2004,JAM,"SPIRE Institute Indoor Track &amp; Field Facility, Geneva, OH (USA) (i)",23 FEB 2024,1079,
192,6.37,0.0,Yuliya SOKHATSKAYA,12 DEC 2001,RUS,"LFK CSKA, Moskva (RUS) (i)",24 FEB 2024,1079,22
192,6.37,+1.0,Foteini-Christina MIZIOU,24 DEC 1999,GRE,"Kaftanzoglio Stadium, Thessaloniki (GRE)",19 MAY 2024,1079,24
192,6.37,+1.0,Andreea Florina SABOU,05 MAY 2000,ESP,"Camp d’Atletisme Antoni Amor&#243;s, Santa Coloma de Gramenet (ESP)",09 JUN 2024,1079,24
192,6.37,+2.0,Anastasiya KUKUSHKINA,09 JUL 2004,RUS,"Stadium Desna, Bryansk (RUS)",19 JUL 2024,1079,20
192,6.37,+0.2,Laura MART&#205;NEZ,03 NOV 2006,ESP,"Estadio Atl&#233;tico de la VIDENA, Lima (PER)",27 AUG 2024,1079,17
192,6.37,+1.5,Shanieka RICKETTS,02 FEB 1992,JAM,"Main City Square, Zagreb (CRO)",06 SEP 2024,1079,32
192,6.37,-0.4,Huiling QIN,29 NOV 2003,CHN,"Sports Center, Quzhou (CHN)",14 SEP 2024,1081,20
202,6.36,0.0,Iryna NERUBALSHCHUK,21 SEP 1998,UKR,"Atak&#246;y Arena, Istanbul (TUR) (i)",10 FEB 2024,1077,25
202,6.36,0.0,Elīza Marija KRAULE,26 JUN 2001,LAT,"The Track at New Balance, Boston, MA (USA) (i)",08 MAR 2024,1077,22
202,6.36,+1.0,Miu KIMURA,25 AUG 2000,JPN,"Universiade Commemorative Stadium, Kobe (JPN)",21 APR 2024,1077,23
202,6.36,+2.0,Marie-jeanne OUREGA,04 APR 1997,CIV,"Cougar Athletic Stadium, Azusa, CA (USA)",11 MAY 2024,1077,27
202,6.36,+1.6,Cleo MARTIN-EVANS,08 MAY 2003,GBR,"Horspath Athletics Track, Oxford (GBR)",25 MAY 2024,1077,21
202,6.36,+1.2,Tomysha CLARK,12 NOV 2002,AUS,"HFC Bank Stadium, Suva (FIJ)",05 JUN 2024,1077,21
202,6.36,+0.2,Emilia KJELLBERG,03 APR 1996,SWE,"Sollentunavallen, Sollentuna (SWE)",16 JUN 2024,1077,28
210,6.35,0.0,Anastassiya RYPAKOVA,21 SEP 2004,KAZ,"Aftab Enghelab Sport Complex, Tehran (IRI) (i)",17 FEB 2024,1075,19
210,6.35,+1.3,Ameia WILSON,29 NOV 2000,USA,"Percy Beard Track, Gainesville, FL (USA)",29 MAR 2024,1075,23
210,6.35,+1.2,Liwen CHEN,03 JAN 1998,CHN,"HOC Stadium, Hangzhou (CHN)",14 APR 2024,1075,26
210,6.35,+0.8,Avery MCMULLEN,12 OCT 2000,USA,"Potts Field, Boulder, CO (USA)",11 MAY 2024,1075,23
210,6.35,+1.9,Serina RIEDEL,12 APR 2003,GER,"Leichtathletikstadion Robert-Koch-Stra&#223;e, Halle (GER)",19 MAY 2024,1075,21
210,6.35,+0.5,Machaeda LINTON,08 FEB 2003,JAM,"Wildcat Track, Marion, IN (USA)",22 MAY 2024,1075,21
210,6.35,+0.6,Urša MATOTEK,31 MAY 2002,SLO,"Atat&#252;rk Stadyumu, Izmir (TUR)",26 MAY 2024,1075,21
210,6.35,-0.5,Auriana LAZRAQ-KHLASS,22 APR 1999,FRA,"Stadio Olimpico, Roma (ITA)",08 JUN 2024,1078,25
220,6.34,0.0,Ramona Elena VERMAN,03 MAR 2004,ROU,"Palaindoor Ancona, Ancona (ITA) (i)",20 JAN 2024,1073,19
220,6.34,0.0,Eve DIVINITY,11 AUG 2004,USA,"Convention Center, Albuquerque, NM (USA) (i)",23 FEB 2024,1073,19
220,6.34,+1.6,Zinzi XULU,28 SEP 1996,RSA,"Pilditch Stadium, Pretoria (RSA)",24 FEB 2024,1073,27
220,6.34,+0.5,Jonon YOUNG,01 MAY 2000,USA,"CVEATC, Chula Vista, CA (USA)",08 JUN 2024,1073,24
220,6.34,+1.8,Jessica Carolina ALVES DOS REIS,17 MAR 1993,BRA,"Centro de Treinamento Paral&#237;mpico Brasileiro, S&#227;o Paulo (BRA)",15 JUN 2024,1073,31
220,6.34,+0.8,Timara CHAPMAN,05 MAY 2000,USA,"Hayward Field, Eugene, OR (USA)",24 JUN 2024,1073,24
220,6.34,-0.6,Galina NIKOLOVA,22 JAN 1994,BUL,"Plovdiv Stadium, Plovdiv (BUL)",13 JUL 2024,1076,30
231,6.33,0.0,Tatiana PEREIRA,18 MAY 2006,POR,"Expocentro, Pombal (POR) (i)",17 FEB 2024,1071,17
231,6.33,0.0,Svetlana ANTOSHINA,03 JAN 2003,RUS,"LFK CSKA, Moskva (RUS) (i)",24 FEB 2024,1071,21
231,6.33,+1.0,Jana KOŠČAK,19 MAY 2006,CRO,"Suez Canal Authority Stadium, Ismailia (EGY)",18 MAY 2024,1071,17
231,6.33,-1.1,Sveva GEREVINI,31 MAY 1996,ITA,"Stadio Olimpico, Roma (ITA)",08 JUN 2024,1077,28
231,6.33,-0.4,Marilin LEUTHARD,13 MAY 2001,SUI,"Stadion Deutweg, Winterthur (SUI)",28 JUN 2024,1073,23
236,6.32,0.0,Szabina SZŰCS,04 FEB 2002,HUN,"BOK Csarnok, Budapest (HUN) (i)",11 FEB 2024,1068,22
236,6.32,+1.6,Alina LISTUNOVA,26 SEP 2003,UKR,"Avangard Stadium, Lutsk (UKR)",18 MAY 2024,1068,20
236,6.32,-0.4,Valeriya VOLOVLIKOVA,07 OCT 2002,RUS,"Slava Metreveli Stadium, Sochi (RUS)",21 MAY 2024,1070,21
236,6.32,-0.7,Lea-Sophie KLIK,20 SEP 2000,GER,"MTV Stadion, Ingolstadt (GER)",07 JUN 2024,1072,23
236,6.32,+1.2,Carmen ROSALES,29 APR 2002,ESP,"Estadi Ol&#237;mpic Camilo Cano, La Nucia (ESP)",29 JUN 2024,1068,22
242,6.31,0.0,Rachela PACE,15 JUN 2003,MLT,"Dempsey Indoor, Seattle, WA (USA) (i)",27 JAN 2024,1066,20
242,6.31,0.0,Sofie DOKTER,19 DEC 2002,NED,"Omnisport, Apeldoorn (NED) (i)",18 FEB 2024,1066,21
242,6.31,-0.1,Audrey KYRIACOU,06 APR 1997,AUS,"Lakeside Stadium, Melbourne (AUS)",24 FEB 2024,1066,26
242,6.31,+0.5,Abbie FRENCH,26 MAR 2004,AUS,"SA Athletic Stadium, Adelaide (AUS)",12 APR 2024,1066,20
242,6.31,+1.1,Ashlee OSAJI,,USA,"Morris Williams T&amp;F Stadium, Durham, NC (USA)",13 APR 2024,1066,
242,6.31,+1.8,Emelia SURCH,29 JUN 2003,AUS,"Performance Centre, Gold Coast (AUS)",26 APR 2024,1066,20
242,6.31,+0.1,Rita NEMES,30 NOV 1989,HUN,"Stadio Olimpico, Roma (ITA)",08 JUN 2024,1066,34
242,6.31,+0.6,X&#233;nia KRIZS&#193;N,13 JAN 1993,HUN,"Stadio Olimpico, Roma (ITA)",08 JUN 2024,1066,31
242,6.31,+1.4,Laila LACUEY,16 FEB 2000,ESP,"Polideportivo Zorrotza, Bilbao (ESP)",18 JUN 2024,1066,24
242,6.31,0.0,Inna SYDORENKO,21 MAY 1997,UKR,"Stadion SKIF, Lviv (UKR)",29 JUN 2024,1066,27
242,6.31,+0.5,Bhagavathi BHAVANI,19 DEC 1998,IND,"Tau Devi Lal Stadium, Panchkula (IND)",30 JUN 2024,1066,25
242,6.31,+1.1,Diana RUSAKOVA,26 MAY 2001,RUS,"Olympic Stadium, Cheboksary (RUS)",07 JUL 2024,1066,23
254,6.30,0.0,Violetta RAZBEYKO,19 JUN 2003,RUS,"RGUFKSMiT Arena, Moskva (RUS) (i)",23 JAN 2024,1064,20
254,6.30,0.0,Pippi Lotta ENOK,19 AUG 2002,EST,"Randal Tyson Indoor Center, Fayetteville, AR (USA) (i)",26 JAN 2024,1064,21
254,6.30,+1.0,Rohanna SUDLOW,04 AUG 2006,JAM,"Kirani James Athletic Stadium, St. George&#39;s (GRN)",01 APR 2024,1064,17
254,6.30,+0.1,Bente VAN DER STOEL,02 MAR 2003,NED,"Sportpark Orderbos, Apeldoorn (NED)",02 JUN 2024,1064,21
254,6.30,+0.9,Avery LEWIS,21 DEC 2005,USA,"Hayward Field, Eugene, OR (USA)",13 JUN 2024,1064,18
254,6.30,+1.3,Stefanie SCHINDLER,17 JUN 1999,SUI,"Stadion Neufeld, Bern (SUI)",19 JUN 2024,1064,25
254,6.30,+1.1,Romi TAMIR,03 JUL 2003,ISR,"Hadar Yosef Stadium, Tel Aviv (ISR)",27 JUN 2024,1064,20
262,6.29,0.0,Klara BARNJAK,18 SEP 1999,CRO,"Velesajam Hall, Zagreb (CRO) (i)",13 JAN 2024,1062,24
262,6.29,0.0,J&#233;ssica BARREIRA,29 JAN 1997,POR,"Centro de Tecnificaci&#243;n de Atletismo, Antequera (ESP) (i)",13 JAN 2024,1062,26
262,6.29,0.0,Yousra LAJDOUD,15 OCT 1997,MAR,"Coque Sport Center, Luxembourg (LUX) (i)",21 JAN 2024,1062,26
262,6.29,0.0,Sadie MCMULLEN,,USA,"Convention Center, Albuquerque, NM (USA) (i)",09 FEB 2024,1062,
262,6.29,+1.7,Brittany CARROLL,30 NOV 2000,AUS,"Maitland Athletics Centre, Maitland (AUS)",25 FEB 2024,1062,23
262,6.29,+1.3,Michelle ATHERLEY,09 DEC 1995,USA,"Hilmer Lodge Stadium, Walnut, CA (USA)",18 APR 2024,1062,28
262,6.29,+1.1,Sandrina SPRENGEL,12 MAR 2004,GER,"M&#246;sle-Stadium, G&#246;tzis (AUT)",19 MAY 2024,1062,20
262,6.29,-1.1,Małgorzata J&#211;ŹWICKA,03 JUN 2002,POL,"Stadion Zygmunta Szelesta, Warszawa (POL)",02 JUN 2024,1068,21
262,6.29,+0.6,Jadin O&#39;BRIEN,08 MAY 2002,USA,"Hayward Field, Eugene, OR (USA)",08 JUN 2024,1062,22
262,6.29,+1.3,Milena MITKOVA,26 JAN 1990,BUL,"Stadium Ivaylo, Veliko Tarnovo (BUL)",30 JUN 2024,1062,34
262,6.29,+1.2,Yuliana ANGULO,06 JUL 1994,ECU,"Besagroup-Sportpark, Rhede (GER)",14 JUL 2024,1062,30
262,6.29,+1.0,Ivana ŠPANOVIĆ,10 MAY 1990,SRB,"Stadio G. Teghil, Lignano Sabbiadoro (ITA)",14 JUL 2024,1062,34
262,6.29,0.0,Saliyya GUISSE,08 JUL 1996,BEL,"Stade Pierre Paul Bernard, Talence (FRA)",14 JUL 2024,1062,28
262,6.29,-0.1,Yang YANG,23 AUG 2001,CHN,"Sports Center, Nanping (CHN)",18 JUL 2024,1062,22
262,6.29,-0.5,Vanessa SENA,30 MAY 2005,BRA,"CNDA, Bragan&#231;a Paulista (BRA)",17 AUG 2024,1065,19
262,6.29,+0.1,Gothandapni KARTHIKA,02 JAN 1996,IND,"Sree Kanteerava Outdoor Stadium, Bengaluru (IND)",02 SEP 2024,1062,28
279,6.28,-0.1,Tamara MYERS,27 JUL 1993,BAH,"T. Robinson Stadium, Nassau (BAH)",03 FEB 2024,1060,30
279,6.28,0.0,Veronica CRIDA,21 OCT 2001,ITA,"Palaindoor Ancona, Ancona (ITA) (i)",17 FEB 2024,1060,22
279,6.28,-1.5,Phoebe EDWARDS,16 FEB 1998,NZL,"Newtown Park Stadium, Wellington (NZL)",16 MAR 2024,1069,26
279,6.28,-0.2,. SUSMITA,23 DEC 2004,IND,"Anju Bobby High Performance Centre, Bengaluru (IND)",20 MAR 2024,1061,19
279,6.28,+0.8,Jasmine AKINS,,USA,"Clyde Hart Track &amp; Field Stadium, Waco, TX (USA)",22 MAR 2024,1060,
279,6.28,+0.1,Tess STAPLETON,,USA,"Cobb Track and Angell Field, Palo Alto, CA (USA)",30 APR 2024,1060,
279,6.28,+2.0,Erica BOUGARD,26 JUL 1993,USA,"CVEATC, Chula Vista, CA (USA)",02 JUN 2024,1060,30
279,6.28,+0.8,Ma&#235;lly DALMAT,01 OCT 2001,FRA,"Stade Philippides, Montpellier (FRA)",08 JUN 2024,1060,22
279,6.28,+1.7,Taika KOILAHTI,04 DEC 1998,FIN,"Kaarlen kentt&#228;, Vaasa (FIN)",28 JUN 2024,1060,25
279,6.28,+1.2,Vaida PADIMANSKAITĖ,07 AUG 2000,LTU,"Palangos Stadionas, Palanga (LTU)",28 JUN 2024,1060,23
292,6.27,0.0,Klaudia ENDR&#201;SZ,06 FEB 2001,HUN,"BOK Csarnok, Budapest (HUN) (i)",10 FEB 2024,1057,23
292,6.27,+1.4,Camryn NEWTON-SMITH,27 APR 2000,AUS,"Queensland Sport and Athletics Centre, Nathan, Brisbane (AUS)",24 FEB 2024,1057,23
292,6.27,0.0,Nea LENTO,07 MAR 2002,FIN,"Botniahallen, Mustasaari (FIN) (i)",24 FEB 2024,1057,21
292,6.27,+1.4,Karmen FOUCHE,02 JAN 2003,RSA,"McArthur Stadium, Potchefstroom (RSA)",14 MAR 2024,1057,21
292,6.27,+1.9,Peace OMONZANE,2004,CAN,"University of South Florida Track &amp; Field Stadium, Tampa, FL (USA)",06 APR 2024,1057,
292,6.27,0.0,Sienna MACDONALD,15 AUG 2002,CAN,"Univ. of Arizona Roy P. Drachman Stadium, Tucson, AZ (USA)",27 APR 2024,1057,21
292,6.27,+1.4,Sennah VANHOEIJEN,08 FEB 2004,BEL,"Boudewijnstadion, Bruxelles (BEL)",30 JUN 2024,1057,20
292,6.27,+1.3,Aleksandra KURTBEKIROVA,17 JUN 2004,RUS,"Stadium Desna, Bryansk (RUS)",19 JUL 2024,1057,20
292,6.27,+1.0,Yasemin Zehra B&#214;REK&#199;I,03 JUL 2002,TUR,"Atat&#252;rk Stadyumu, Izmir (TUR)",18 AUG 2024,1057,22
292,6.27,-2.0,Moumita MONDAL,09 DEC 2001,IND,"Patliputra Sports Complex, Patna (IND)",30 SEP 2024,1069,22
303,6.26,0.0,Alaysia OAKES,2003,USA,"Convention Center, Albuquerque, NM (USA) (i)",09 FEB 2024,1055,
303,6.26,+0.2,Urtė KŠČENAVIČIŪTĖ,22 APR 2002,LTU,"Vingis Park Stadium, Vilnius (LTU)",31 MAY 2024,1055,22
303,6.26,+0.3,Sarah LEECH,26 JAN 1998,FRA,"Stade Pierre Paul Bernard, Talence (FRA)",13 JUL 2024,1055,26
307,6.25,0.0,Marie JUNG,15 NOV 2003,GER,"Werner-von-Linde-Halle, M&#252;nchen (GER) (i)",04 FEB 2024,1053,20
307,6.25,0.0,Karolina MŁODAWSKA,04 OCT 1996,POL,"Arena, Toruń (POL) (i)",18 FEB 2024,1053,27
307,6.25,+1.0,Celine JANSEN,05 MAY 1996,SUI,"Centro Gabre Gabric, Brescia (ITA)",28 APR 2024,1053,27
307,6.25,+0.7,Eunice ILUNGA MBUYI,01 JUL 2002,FRA,"UL Monroe Brown Stadium, Monroe, LA (USA)",10 MAY 2024,1053,21
307,6.25,+1.8,Daniela VOLN&#193;,13 JUN 2002,CZE,"Stadion Ml&#225;deže, Zl&#237;n (CZE)",30 JUN 2024,1053,22
307,6.25,+1.7,Katharina GR&#197;MAN,09 DEC 2003,SWE,"Arosvallen, V&#228;ster&#229;s (SWE)",28 JUL 2024,1053,20
314,6.24,0.0,Merle HOMEIER,27 AUG 1999,GER,"Helmut-K&#246;rnig-Halle, Dortmund (GER) (i)",20 JAN 2024,1051,24
314,6.24,+1.6,Oleksandra CHERNUKHA,02 SEP 2004,UKR,"Avangard Stadium, Lutsk (UKR)",18 MAY 2024,1051,19
314,6.24,+1.1,Ronja WENGI,05 OCT 2002,SUI,"Stadion Trinermatten, Zofingen (SUI)",18 MAY 2024,1051,21
314,6.24,+0.8,Anne-Mari LEHTI&#214;,06 SEP 1995,FIN,"Harjun stadion, Jyv&#228;skyl&#228; (FIN)",22 MAY 2024,1051,28
314,6.24,+1.0,Riko SHIRATO,17 MAY 2004,JPN,"Nihon University Athletics Stadium, Setagaya, Tokyo (JPN)",02 JUN 2024,1051,20
314,6.24,+0.5,Sherin ABDUL GAFOOR,24 FEB 2000,IND,"Tau Devi Lal Stadium, Panchkula (IND)",30 JUN 2024,1051,24
314,6.24,+1.1,Weronika KLIMACKA,19 APR 1996,POL,"Stadion Zygmunta Szelesta, Warszawa (POL)",06 JUL 2024,1051,28
314,6.24,-1.2,Natalia BESI,05 AUG 1997,GRE,"Pampeloponnisiako Stadium, Patra (GRE)",07 JUL 2024,1058,26
314,6.24,+0.3,Yelizaveta SLOBODYANYUK,18 APR 2004,RUS,"Kalininets Stadium, Yekaterinburg (RUS)",17 AUG 2024,1051,20
314,6.24,+1.0,Kusuma RAVADA,15 SEP 2001,IND,"Sree Kanteerava Outdoor Stadium, Bengaluru (IND)",02 SEP 2024,1051,22
326,6.23,0.0,Madara BĒRZIŅA,30 MAR 2005,LAT,"Jāņa Daliņa Manēža, Valmiera (LAT) (i)",09 FEB 2024,1049,18
326,6.23,0.0,Marina PIRIYEVA,16 JUL 1998,RUS,"LFK CSKA, Moskva (RUS) (i)",24 FEB 2024,1049,25
326,6.23,0.0,Mei JIANG,15 DEC 1994,CHN,"Xipu Training Base Indoor Athletics Stadium, Chengdu (CHN) (i)",27 FEB 2024,1049,29
326,6.23,0.0,Ashley MCELMURRY,10 MAY 2001,USA,"Percy Beard Track, Gainesville, FL (USA)",29 MAR 2024,1049,22
326,6.23,+1.6,Vanessa GRIMM,22 APR 1997,GER,"M&#246;sle-Stadium, G&#246;tzis (AUT)",19 MAY 2024,1049,27
326,6.23,+0.1,Zhane SMITH,25 APR 1999,USA,"Notre Dame HS, Sherman Oaks, CA (USA)",07 JUN 2024,1049,25
326,6.23,+1.0,Inese BEMBERE,19 JAN 2006,LAT,"Zemgales Olimpiskā centra Stadions, Jelgava (LAT)",08 JUN 2024,1049,18
326,6.23,+1.5,Finja K&#214;CHLING,23 NOV 2004,GER,"Waldstadion, Walldorf (GER)",15 JUN 2024,1049,19
326,6.23,+1.9,Mariah TOUSSAINT,06 NOV 1992,DMA,"The Bahamas National Stadium, Nassau (BAH)",16 JUN 2024,1049,31
326,6.23,+0.8,Priyanka KERKETTA,13 OCT 1998,IND,"Tau Devi Lal Stadium, Panchkula (IND)",30 JUN 2024,1049,25
339,6.22,0.0,Jirah SIDBERRY,,USA,"Rector Fieldhouse, Blacksburg, VA (USA) (i)",19 JAN 2024,1047,
339,6.22,0.0,Mikele VICKERS,2002,USA,"Clemson Indoor Track &amp; Field Complex, Clemson, SC (USA) (i)",09 FEB 2024,1047,
339,6.22,0.0,Aaliyah LINDSAY,04 JAN 2002,JAM,"Randal Tyson Indoor Center, Fayetteville, AR (USA) (i)",09 FEB 2024,1047,22
339,6.22,+0.3,Christina WENDE,02 AUG 2000,USA,"Bobcat Track and Field Complex, San Marcos, TX (USA)",28 MAR 2024,1047,23
339,6.22,+1.6,Elena CARTER,,USA,"Davis Field, Pocatello, ID (USA)",26 APR 2024,1047,
339,6.22,+0.9,Ion KONDO,17 APR 2006,JPN,"Komazawa Olympic Park Athletic Stadium, Tokyo (JPN)",11 MAY 2024,1047,18
339,6.22,+1.2,Lena GOODEN,05 OCT 2005,USA,"Hayward Field, Eugene, OR (USA)",06 JUN 2024,1047,18
339,6.22,+1.1,Ingeborg GR&#220;NWALD,21 MAY 2001,AUT,"ULSZ Hallein-Rif, Hallein (AUT)",15 JUN 2024,1047,23
339,6.22,+1.4,Camille FRANSOT,02 NOV 2005,FRA,"Stade R&#233;gional G. Hebert, Reims (FRA)",23 JUN 2024,1047,18
339,6.22,-0.1,Nastassia DROZD,19 DEC 2004,BLR,"Dinamo National Olympic Stadium, Minsk (BLR)",28 JUN 2024,1047,19
339,6.22,+1.4,Caroline AGNOU,26 MAY 1996,SUI,"Stadion Deutweg, Winterthur (SUI)",29 JUN 2024,1047,28
339,6.22,0.0,Malin MARMBRANDT OTTERLING,29 APR 1985,SWE,"Arosvallen, V&#228;ster&#229;s (SWE)",28 JUL 2024,1047,39
339,6.22,+0.9,Adrianna SUŁEK-SCHUBERT,03 APR 1999,POL,"Stade de France, Paris (FRA)",09 AUG 2024,1047,25
339,6.22,+0.7,Milana SADOVSKAYA,21 FEB 2004,RUS,"Kalininets Stadium, Yekaterinburg (RUS)",16 AUG 2024,1047,20
356,6.21,+0.5,Maria Trinidad HURTADO,12 DEC 2000,CHI,"San Carlos de Apoquindo, Santiago de Chile (CHI)",03 MAR 2024,1044,23
356,6.21,+0.2,Emma SEETOO,,USA,"Cushing Stadium, College Station, TX (USA)",23 MAR 2024,1044,
356,6.21,+0.8,Izabela SOKOLOVA,24 AUG 2002,BUL,"Percy Beard Track, Gainesville, FL (USA)",29 MAR 2024,1044,21
356,6.21,0.0,Mahkaia LEE,,USA,"UVA Lanningan Field, Charlottesville, VA (USA)",20 APR 2024,1044,
356,6.21,-0.6,Andrea CORNELISSEN,18 MAR 2002,RSA,"Msunduzi Athletics Stadium, Pietermaritzburg (RSA)",20 APR 2024,1047,22
356,6.21,+2.0,Ilona MASSON,31 AUG 2001,BEL,"Boudewijnstadion, Bruxelles (BEL)",28 APR 2024,1044,22
356,6.21,0.0,Ayaka KORA,22 MAR 2001,JPN,"Yanmar Stadium Nagai, Osaka (JPN)",12 MAY 2024,1044,23
356,6.21,+0.9,Cassandre TISSANDIER,08 JAN 2003,FRA,"Parc des Sports, Annecy (FRA)",25 MAY 2024,1044,21
356,6.21,0.0,Masha-Sol GELITZ,24 MAY 2006,GER,"Stadion Hacheney, Dortmund (GER)",08 JUN 2024,1044,18
356,6.21,0.0,Ida RASMUSSEN,31 JAN 2003,DEN,"Torvet, Herning (DEN)",21 JUN 2024,1044,21
356,6.21,+0.3,Olga SZLACHTA,08 AUG 2006,POL,"Stadion im. Marszałka J&#243;zefa Piłsudskiego, Radom (POL)",27 JUL 2024,1044,17
371,6.20,0.0,Svitlana BOICHUK,22 OCT 2004,UKR,"KMSHVSM Arena, Kyiv (UKR) (i)",03 FEB 2024,1042,19
371,6.20,0.0,Rūta Kate LASMANE,17 DEC 2000,LAT,"Sports Performance Center, Lubbock, TX (USA) (i)",09 FEB 2024,1042,23
371,6.20,0.0,Shalom OLOTU,,USA,"Randal Tyson Indoor Center, Fayetteville, AR (USA) (i)",09 FEB 2024,1042,
371,6.20,0.0,Ioana Sabina STIRBU,06 JAN 2003,ROU,"Sala de Atletism Ioan Soter, Bucureşti (ROU) (i)",02 MAR 2024,1042,21
371,6.20,0.0,Kristīne BLAŽEVIČA,11 DEC 2001,LAT,"The Track at New Balance, Boston, MA (USA) (i)",08 MAR 2024,1042,22
371,6.20,+1.6,Mia SCERRI,26 MAR 2005,AUS,"SA Athletic Stadium, Adelaide (AUS)",13 APR 2024,1042,19
371,6.20,+0.7,Izzy GOUDROS,12 AUG 2003,CAN,"Morris Williams T&amp;F Stadium, Durham, NC (USA)",13 APR 2024,1042,20
371,6.20,-0.1,Caroline JOHNSTON,25 JAN 2001,USA,"Franklin Field, Philadelphia, PA (USA)",26 APR 2024,1042,23
371,6.20,+1.7,Ella RUSH,08 APR 2004,GBR,"Percy Beard Track, Gainesville, FL (USA)",10 MAY 2024,1042,20
371,6.20,0.0,Dominique BIRON,,USA,"Elon University’s Irwin Belk Track, Elon, NC (USA)",11 MAY 2024,1042,
371,6.20,+0.8,Zuzanna SZTACHAŃSKA,28 DEC 2001,POL,"Stadion BOSiR, Białystok (POL)",25 MAY 2024,1042,22
371,6.20,+0.8,Arianna BATTISTELLA,08 JAN 2002,ITA,"Giovanni Chiggiato Stadium, Caorle (ITA)",26 MAY 2024,1042,22
371,6.20,+1.8,Elena LLOBERA,01 APR 1993,ESP,"Camp d’Atletisme Antoni Amor&#243;s, Santa Coloma de Gramenet (ESP)",09 JUN 2024,1042,31
371,6.20,+0.1,Sofia BORELLO,13 DEC 2001,ITA,"Centro Gabre Gabric, Brescia (ITA)",16 JUN 2024,1042,22
371,6.20,+0.5,Kiana DAVIS,22 DEC 1994,USA,"Hayward Field, Eugene, OR (USA)",27 JUN 2024,1042,29
371,6.20,+0.9,Tiffanie MAGNUSSON,27 AUG 2002,SWE,"Rimnersvallen, Uddevalla (SWE)",29 JUN 2024,1042,21
371,6.20,+1.0,Thaina GUERINO FERNANDES,14 MAR 1999,BRA,"COTP Stadium, S&#227;o Paulo (BRA)",24 AUG 2024,1042,25
371,6.20,-0.2,Akari FUNADA,27 AUG 2000,JPN,"Todoroki Stadium, Kawasaki (JPN)",21 SEP 2024,1043,24
371,6.20,+1.1,Nagisa YAMAMOTO,25 AUG 1998,JPN,"Ishin Me-Life Stadium, Yamaguchi (JPN)",22 SEP 2024,1042,26
393,6.19,0.0,Josie KRONE,12 MAR 2005,GER,"Leichtathletikhalle, Hamburg (GER) (i)",03 FEB 2024,1040,18
393,6.19,0.0,Enie DANGELMAIER,19 JUN 2003,GER,"Leichtathletikhallen Manfort, Leverkusen (GER) (i)",03 FEB 2024,1040,20
393,6.19,0.0,Isabel POSCH,28 FEB 2000,AUT,"TipsArena, Linz (AUT) (i)",17 FEB 2024,1040,23
393,6.19,0.0,Sandra Milena FERRARI,01 JAN 2003,ITA,"Bowen Fieldhouse, Ypsilanti, MI (USA) (i)",23 FEB 2024,1040,21
393,6.19,0.0,Saana PEURA,19 JAN 2003,FIN,"Botniahallen, Mustasaari (FIN) (i)",24 FEB 2024,1040,21
393,6.19,+0.5,Maud ZEFFOU POATY,10 APR 2003,FRA,"Percy Beard Track, Gainesville, FL (USA)",29 MAR 2024,1040,20
393,6.19,+1.7,Aasha MARLER GOODWILER,24 DEC 1992,CAN,"Jack Rose Track, Long Beach, CA (USA)",13 APR 2024,1040,31
393,6.19,+0.9,Imani MOORE,2003,USA,"University of North Florda Jax Track at Hodges Stadium, Jacksonville, FL (USA)",26 APR 2024,1040,
393,6.19,-1.1,Vasiliki CHAITIDOU,10 FEB 2000,GRE,"Municipal Gymnasium National Resistance, Kallithea, Athina (GRE)",15 MAY 2024,1046,24
393,6.19,+0.8,Anna HALL,23 MAR 2001,USA,"Hayward Field, Eugene, OR (USA)",24 JUN 2024,1040,23
393,6.19,+0.5,Sydney ROQUEBRUN,01 NOV 2004,FRA,"Stadium Municipal, Albi (FRA)",19 JUL 2024,1040,19
393,6.19,-0.3,Hikaru AKEBOSHI,25 DEC 1998,JPN,"Ishin Me-Life Stadium, Yamaguchi (JPN)",22 SEP 2024,1041,25
412,6.18,0.0,Helena B&#214;RNER,20 SEP 2003,GER,"Leichtathletikhalle im Sportforum, Chemnitz (GER) (i)",20 JAN 2024,1038,20
412,6.18,0.0,Tesia THOMAS,01 OCT 2002,USA,"Ashenfelter Indoor Track, State College, PA (USA) (i)",16 FEB 2024,1038,21
412,6.18,0.0,Tereza VOK&#193;LOV&#193;,16 JUN 1998,CZE,"Atletick&#225; hala, Ostrava (CZE) (i)",18 FEB 2024,1038,25
412,6.18,0.0,Giulia RICCARDI,12 MAY 2003,ITA,"Palaindoor, Padova (ITA) (i)",02 MAR 2024,1038,20
412,6.18,+0.1,Kelsey BERRYMAN,04 FEB 1992,NZL,"Newtown Park Stadium, Wellington (NZL)",16 MAR 2024,1038,32
412,6.18,+1.9,Ayanna JONES,2003,USA,"Terry &amp; Linda Fuller T&amp;F Complex, Lubbock, TX (USA)",23 MAR 2024,1038,
412,6.18,-0.6,Rocio Fernanda MU&#209;OZ VAN RISSELBERGHE,09 JUL 2001,CHI,"Estadio de Atletismo - Unidad Deportiva el Salitre, Bogot&#225; (COL)",25 MAY 2024,1041,22
412,6.18,-0.3,Nikolia POIRAZIDI,08 JUL 2004,GRE,"Pampeloponnisiako Stadium, Patra (GRE)",07 JUL 2024,1039,19
412,6.18,0.0,Dorcas OPOKU,06 JUN 1999,GHA,"MKO Abiola National Stadium, Abuja (NGR)",24 NOV 2024,1038,25
425,6.17,0.0,Andrea SALVADOR,29 MAY 1996,ESP,"Vel&#243;dromo Luis Puig, Valencia (ESP) (i)",03 FEB 2024,1036,27
425,6.17,0.0,Emma OOSTERWEGEL,29 JUN 1998,NED,"Omnisport, Apeldoorn (NED) (i)",18 FEB 2024,1036,25
425,6.17,0.0,Courtney LINES,,USA,"Armory Track&amp;Field Center, New York, NY (USA) (i)",22 FEB 2024,1036,
425,6.17,+1.7,Samari FINNEY,2004,USA,"Bobcat Track and Field Complex, San Marcos, TX (USA)",28 MAR 2024,1036,
425,6.17,-0.8,Lingfang TIAN,26 JAN 2002,CHN,"Shanxi Athletics Administrative Center, Xi&#39;an (CHN)",27 APR 2024,1040,22
425,6.17,+0.1,Fiona AHOLU-FUTSE,08 DEC 2000,FRA,"Stade L. Achille, Fort-de-France (FRA)",25 MAY 2024,1036,23
425,6.17,+1.6,Lucinda GOMES,16 APR 1995,POR,"Pista Municipal Prof. M&#225;rio Moniz Pereira, Lisboa (POR)",01 JUN 2024,1036,29
425,6.17,+0.6,Chari HAWKINS,21 MAY 1991,USA,"CVEATC, Chula Vista, CA (USA)",02 JUN 2024,1036,33
425,6.17,+1.0,Rimpi BURAGOHAIN,12 OCT 1999,IND,"Sree Kanteerava Outdoor Stadium, Bengaluru (IND)",12 JUN 2024,1036,24
425,6.17,+1.9,Pepa GOMBAU,26 JUL 2002,ESP,"Pistes d&#39;atletisme Gaet&#224; Huguet, Castell&#243;n (ESP)",15 JUN 2024,1036,21
425,6.17,+1.3,Sotiria RAPTI,15 OCT 2003,GRE,"Panthessaliko Stadium, Volos (GRE)",30 JUN 2024,1036,20
425,6.17,-0.4,Huijin LEE,25 NOV 1998,KOR,"Gimhae Stadium, Gimhae (KOR)",14 OCT 2024,1038,25
441,6.16,0.0,Ottavia CESTONARO,12 JAN 1995,ITA,"Palaindoor, Padova (ITA) (i)",21 JAN 2024,1033,29
441,6.16,0.0,Shelaine PRITCHARD,2004,CAN,"James Daly Fieldhouse, Winnipeg (CAN) (i)",03 FEB 2024,1033,
441,6.16,0.0,Reyhaneh Mobini ARANI,20 NOV 2000,IRI,"Aftab Enghelab Sport Complex, Tehran (IRI) (i)",17 FEB 2024,1033,23
441,6.16,0.0,Modupe AWOSANYA,,USA,"WATTS, Youngstown, OH (USA) (i)",24 FEB 2024,1033,
441,6.16,-0.5,Miracle AILES,,USA,"Sam Bailey Track Stadium, Tuscaloosa, AL (USA)",06 APR 2024,1036,
441,6.16,+1.6,Delaney BAHN,,USA,"Jack Rose Track, Long Beach, CA (USA)",11 APR 2024,1033,
441,6.16,-0.1,Helena BRICH,29 APR 1999,GER,"Michael-Hoffmann-Stadion, Mannheim (GER)",20 MAY 2024,1033,25
441,6.16,+0.8,Yanisley CARRI&#211;N,09 OCT 2001,CUB,"Estadio Panamericano, La Habana (CUB)",24 MAY 2024,1033,22
441,6.16,+0.7,Yan HU,13 FEB 2001,CHN,"Olympic Sports Center, Chongqing (CHN)",27 MAY 2024,1033,23
441,6.16,+1.8,Jovana MIĆIĆ,11 AUG 2005,SRB,"Atletski Stadion, Kraljevo (SRB)",02 JUN 2024,1033,18
441,6.16,+0.8,Fayza ISSAKA ABDOUKERIM,17 APR 1996,TOG,"University of Ghana Sports Stadium, Accra (GHA)",05 JUN 2024,1033,28
441,6.16,+0.8,Yana SARGSYAN,20 OCT 2000,ARM,"Lathbury Athletics Stadium, Gibraltar (GIB)",22 JUN 2024,1033,23
441,6.16,+1.2,Live HAUGSTAD HILTON,12 SEP 1999,NOR,"Friidrettsstadion, Jessheim (NOR)",10 AUG 2024,1033,24
441,6.16,+0.3,Tereza Elena Š&#205;NOV&#193;,17 AUG 2001,CZE,"Atletick&#253; stadion Turnov, Turnov (CZE)",03 SEP 2024,1033,23
462,6.15,0.0,Anna VISIBELLI,01 JAN 1993,ITA,"Palaindoor Ancona, Ancona (ITA) (i)",20 JAN 2024,1031,31
462,6.15,0.0,Mariya PRIVALOVA,25 DEC 2001,RUS,"Olimpiyets, Mogilyov (BLR) (i)",17 FEB 2024,1031,22
462,6.15,0.0,Linda SUCH&#193;,28 SEP 2001,CZE,"Atletick&#225; hala, Ostrava (CZE) (i)",18 FEB 2024,1031,22
462,6.15,0.0,Jadaja BAXTER,2002,USA,"CrossPlex Athletic Facility, Birmingham, AL (USA) (i)",24 FEB 2024,1031,
462,6.15,-1.7,Bo BRASSEUR,14 MAY 1998,BEL,"SEMO Abe Stuber T&amp;F Complex, Cape Girardeau, MO (USA)",30 MAR 2024,1041,25
462,6.15,+1.9,Kayla WOODS,,USA,"George Mason Stadium, Fairfax, VA (USA)",05 APR 2024,1031,
462,6.15,+1.3,Elisa PINEAU,26 OCT 1998,FRA,"Antonio Dom&#237;nguez Stadium, Arona (ESP)",12 MAY 2024,1031,25
462,6.15,+0.6,Mait&#233; BEERNAERT,14 NOV 2001,BEL,"Sportcentrum Wembley, Kortrijk (BEL)",18 MAY 2024,1031,22
462,6.15,+1.3,Chiara SMERALDO,13 FEB 2002,ITA,"Pista Fantoni, Mondovi (ITA)",02 JUN 2024,1031,22
462,6.15,-0.3,Lauren CALLAGHAN,04 MAR 2002,IRL,"Morton Stadium, Santry, Dublin (IRL)",30 JUN 2024,1032,22
462,6.15,+1.8,Alice LUNARDON,19 NOV 1998,ITA,"Campo Montagna, La Spezia (ITA)",30 JUN 2024,1031,25
462,6.15,+1.1,Viktoriya BARKOVA,06 APR 2001,RUS,"Olympic Stadium, Cheboksary (RUS)",07 JUL 2024,1031,23
462,6.15,+1.1,Chloe LACHAUD,18 FEB 2002,FRA,"Stade Pierre Paul Bernard, Talence (FRA)",13 JUL 2024,1031,22
484,6.14,0.0,Yuliia LOBAN,07 AUG 2000,UKR,"KMSHVSM Arena, Kyiv (UKR) (i)",20 JAN 2024,1029,23
484,6.14,0.0,Diamantina DEDOLA,10 JUN 2003,FRA,"Stadium Jean-Pellez, Aubi&#233;re (FRA) (i)",04 FEB 2024,1029,20
484,6.14,0.0,Augustine BLANC-BOEKHOLT,18 JUN 2000,FRA,"Salle Maryvonne Dupureur, St-Brieuc (FRA) (i)",02 MAR 2024,1029,23
484,6.14,+0.1,Janaya JONES,,USA,"Geroge C. Griffin Track, Atlanta, GA (USA)",16 MAR 2024,1029,
484,6.14,+0.3,Nolwazi MASHABA,10 JAN 2002,RSA,"Germiston Stadium, Johannesburg (RSA)",16 MAR 2024,1029,22
484,6.14,+1.1,Reyna JOHNSON,,USA,"Anteater Stadium, Irvine, CA (USA)",29 MAR 2024,1029,
484,6.14,+1.8,Lucy FELLOWS,14 SEP 2004,GBR,"Bobcat Track and Field Complex, San Marcos, TX (USA)",29 MAR 2024,1029,19
484,6.14,+0.7,Tori CARROLL,2001,USA,"Percy Beard Track, Gainesville, FL (USA)",12 APR 2024,1029,
484,6.14,+1.3,Jordan HARDY,,USA,"UVA Lanningan Field, Charlottesville, VA (USA)",20 APR 2024,1029,
484,6.14,+2.0,Kara LUCYK,,USA,"Univ. of Arizona Roy P. Drachman Stadium, Tucson, AZ (USA)",27 APR 2024,1029,
484,6.14,+2.0,Bailey GOLDEN,1999,USA,"Clyde Hart Track &amp; Field Stadium, Waco, TX (USA)",10 MAY 2024,1029,
484,6.14,+0.4,Eliise ANIJALG,03 OCT 2001,EST,"Kadrioru staadion, Tallinn (EST)",26 MAY 2024,1029,22
484,6.14,-0.1,Hui CHEN,06 JUL 2004,CHN,"Olympic Sports Center, Huangshi (CHN)",01 JUN 2024,1029,19
484,6.14,-0.1,Jeong-mi YU,02 APR 1994,KOR,"Taipei Municipal Stadium, Taipei City (TPE)",02 JUN 2024,1029,30
484,6.14,+0.6,Trinity SHADD-CERES,06 SEP 2006,CAN,"Alumni Stadium, London (CAN)",07 JUN 2024,1029,17
484,6.14,+1.7,Bora BOCZON&#193;DI,13 MAY 2007,HUN,"Bregy&#243; Athletic Center, Sz&#233;kesfeh&#233;rv&#225;r (HUN)",16 JUN 2024,1029,17
484,6.14,-0.1,Tshegofatso BOJOSI,01 JAN 1998,BOT,"Stade Omnisport de JAPOMA, Douala (CMR)",23 JUN 2024,1029,26
509,6.13,0.0,Dreunna WASHINGTON,,USA,"R.A. &quot;Murray&quot; Fasken Indoor Track Stadium, College Station, TX (USA) (i)",13 JAN 2024,1027,
509,6.13,0.0,Alina CHISTYAKOVA,30 APR 2005,KAZ,"Athletic Center Olga Rypakova, Ust-Kamenogorsk (KAZ) (i)",20 JAN 2024,1027,18
509,6.13,0.0,Abigail PAWLETT,14 JAN 2003,GBR,"Lasnam&#228;e Kergej&#245;ustikuhall, Tallinn (EST) (i)",04 FEB 2024,1027,21
509,6.13,0.0,Cajsa AUGUSTSSON,21 MAR 2002,SWE,"Eva Lisa Holtz Arena, Karlstad (SWE) (i)",18 FEB 2024,1027,21
509,6.13,0.0,Allyria MCBRIDE,18 JUN 2004,USA,"Randal Tyson Indoor Center, Fayetteville, AR (USA) (i)",23 FEB 2024,1027,19
509,6.13,0.0,Samoya NEIL,29 SEP 2002,JAM,"Shelly Ellig Indoor T&amp;F Facility, Fargo, ND (USA) (i)",23 FEB 2024,1027,21
509,6.13,0.0,Micah CAREY,,USA,"WATTS, Youngstown, OH (USA) (i)",24 FEB 2024,1027,
509,6.13,0.0,Alicia DAWSON,,USA,"Boston Univ. Track &amp; Tennis Center, Boston, MA (USA) (i)",02 MAR 2024,1027,
509,6.13,+1.5,Destiny BAILEY-PERKINS,,USA,"Dick Vert Stadium, High Point, NC (USA)",05 APR 2024,1027,
509,6.13,0.0,Breanna MOORE,,USA,"Geroge C. Griffin Track, Atlanta, GA (USA)",19 APR 2024,1027,
509,6.13,+1.7,Ella SCALLY,,USA,"Billy Hayes T&amp; F Complex, Bloomington, IN (USA)",03 MAY 2024,1027,
509,6.13,0.0,Ren&#225;ta VODNY&#193;NSZK&#193;,11 JAN 2004,SVK,"Dr. Koltai Jenő Sportk&#246;zpont, Budapest (HUN)",12 MAY 2024,1027,20
509,6.13,-2.1,Tabea EITEL,27 JAN 2004,GER,"Hans-Bretz-Stadion, Ettlingen (GER)",12 MAY 2024,1039,20
509,6.13,-1.0,Chiara GALVANI,25 JUL 2001,ITA,"Stadio Mario Lancellotta, Isernia (ITA)",19 MAY 2024,1033,22
509,6.13,+1.5,Olha KORSUN,11 NOV 1996,UKR,"Heino Lipp Stadium, J&#246;hvi (EST)",23 MAY 2024,1027,27
509,6.13,+0.7,Amy WARREN,23 APR 2002,USA,"Un. of Kentucky Outdoor Track Facility, Lexington, KY (USA)",23 MAY 2024,1027,22
509,6.13,+1.3,Noemi SEMPERE,21 MAR 1997,ESP,"Pistes d&#39;atletisme Gaet&#224; Huguet, Castell&#243;n (ESP)",25 MAY 2024,1027,27
509,6.13,+2.0,Sandra SOGOYOU,15 SEP 1991,FRA,"Stade Pierre Duboeuf, Bron (FRA)",04 JUL 2024,1027,32
509,6.13,+1.4,Irina GILKO,08 APR 2003,RUS,"Stadium Desna, Bryansk (RUS)",19 JUL 2024,1027,21
535,6.12,0.0,Jada SEAMAN,18 JUL 2001,USA,"R.A. &quot;Murray&quot; Fasken Indoor Track Stadium, College Station, TX (USA) (i)",20 JAN 2024,1025,22
535,6.12,0.0,Laura AGUILERA,04 MAR 2003,ESP,"Centro de Tecnificaci&#243;n de Atletismo, Antequera (ESP) (i)",03 FEB 2024,1025,20
535,6.12,0.0,Adriana KRŪZMANE,20 MAY 2006,LAT,"Jāņa Daliņa Manēža, Valmiera (LAT) (i)",09 FEB 2024,1025,17
535,6.12,0.0,Ivona DADIC,29 DEC 1993,AUT,"TipsArena, Linz (AUT) (i)",11 FEB 2024,1025,30
535,6.12,0.0,Sara KORDEK,01 FEB 2001,POL,"Arena, Toruń (POL) (i)",18 FEB 2024,1025,23
535,6.12,+1.8,Jasmine BARROW,2002,USA,"UCF Soccer and Track Complex, Orlando, FL (USA)",15 MAR 2024,1025,
535,6.12,+0.3,Dimitra GILTIDOU,22 DEC 2001,GRE,"Kaftanzoglio Stadium, Thessaloniki (GRE)",27 APR 2024,1025,22
535,6.12,+0.6,Cheyenne NESBITT,23 AUG 1999,USA,"GVSU Track/Lacrosse Stadium, Allendale, MI (USA)",02 MAY 2024,1025,24
535,6.12,+1.8,Akira KOBAYASHI,18 SEP 1999,JPN,"Municipal Stadium, Mito (JPN)",05 MAY 2024,1025,24
535,6.12,+1.6,Kateřina ČERNOCK&#193;,11 DEC 2005,CZE,"Stadion Juliska, Praha (CZE)",11 MAY 2024,1025,18
535,6.12,+1.2,Lydia BOLL,01 DEC 1999,SUI,"Antonio Dom&#237;nguez Stadium, Arona (ESP)",12 MAY 2024,1025,24
535,6.12,+1.4,Pauline BIKEMBO,05 NOV 2002,FRA,"Stade Christophe Lemaitre, Oyonnax (FRA)",19 MAY 2024,1025,21
535,6.12,+0.2,Lia Irma Sumie KITADA,09 AUG 2001,JPN,"Prefectural Stadium, Kumagaya (JPN)",19 MAY 2024,1025,22
535,6.12,+1.3,Marina ZANONI,22 AUG 2003,SUI,"Landquart Ried, Landquart (SUI)",26 MAY 2024,1025,20
535,6.12,+1.4,Anastasia SARLANI,17 NOV 1999,GRE,"Georgios Dedes Municipal Stadium, Pallini (GRE)",01 JUN 2024,1025,24
535,6.12,+1.1,Clara GABALDON,13 APR 2000,ESP,"Camp d’Atletisme Antoni Amor&#243;s, Santa Coloma de Gramenet (ESP)",09 JUN 2024,1025,24
535,6.12,+0.9,Ambika NARZARY,14 JAN 2002,IND,"Sree Kanteerava Outdoor Stadium, Bengaluru (IND)",12 JUN 2024,1025,22
535,6.12,0.0,Sydney CONLEY,11 DEC 1993,USA,"Billy J. Murphy Track and Field Complex, Memphis, TN (USA)",11 JUL 2024,1025,30
535,6.12,+1.7,Katharina FLAIG,11 JAN 2002,GER,"Stadion Festwiese, Stuttgart (GER)",13 JUL 2024,1025,22
535,6.12,+1.6,Martina CUCC&#218;,31 MAY 2003,ITA,"Campo Comunale, Modena (ITA)",22 SEP 2024,1025,21
535,6.12,0.0,Milenne HABASH,2002,CAN,"Track and Field Centre, Toronto (CAN) (i)",30 NOV 2024,1025,
563,6.11,0.0,Jada JOSEPH,,USA,"Armory Track&amp;Field Center, New York, NY (USA) (i)",26 JAN 2024,1023,
563,6.11,0.0,Karolina SVENSSON,19 FEB 1999,SWE,"IFU Arena, Uppsala (SWE) (i)",27 JAN 2024,1023,24
563,6.11,0.0,C&#233;lia PERRON,18 APR 1997,FRA,"Hall des Sports, Bompas (FRA) (i)",11 FEB 2024,1023,26
563,6.11,0.0,Daria KUSHNIR,08 APR 2002,RUS,"Winter Arena, St. Petersburg (RUS) (i)",15 FEB 2024,1023,21
563,6.11,0.0,Alimot Adejumoke ALOWONLE,28 MAY 2005,NGR,"CrossPlex Athletic Facility, Birmingham, AL (USA) (i)",25 FEB 2024,1023,18
563,6.11,0.0,Absa BA,27 JUL 2003,FRA,"Salle Maryvonne Dupureur, St-Brieuc (FRA) (i)",02 MAR 2024,1023,20
563,6.11,+0.8,Geena DAVY,27 FEB 2007,AUS,"SA Athletic Stadium, Adelaide (AUS)",18 APR 2024,1023,17
563,6.11,+0.7,Jolie ROBINSON,,USA,"Miller&amp; Capriotti Athletics Complex, San Luis Obispo, CA (USA)",10 MAY 2024,1023,
563,6.11,+0.1,Lianrui XIAO,22 OCT 2001,CHN,"Olympic Sports Center, Chongqing (CHN)",27 MAY 2024,1023,22
563,6.11,+1.5,Annie KUNZ,16 FEB 1993,USA,"CVEATC, Chula Vista, CA (USA)",02 JUN 2024,1023,31
563,6.11,+0.5,Erica GRAHAM,1996,USA,"Monmouth University Joe Compagni Track at Kessler Stadium, West Long Branch, NJ (USA)",02 JUN 2024,1023,
563,6.11,+0.7,Sandra BABU,03 JUL 2001,IND,"Sree Kanteerava Outdoor Stadium, Bengaluru (IND)",12 JUN 2024,1023,22
563,6.11,+1.1,Ninali ZHENG,12 NOV 1998,CHN,"Stadionring, Ratingen (GER)",23 JUN 2024,1023,25
563,6.11,+1.0,Polina ESKINA,09 JUL 2003,RUS,"Hadar Yosef Stadium, Tel Aviv (ISR)",27 JUN 2024,1023,20
563,6.11,+1.3,Iben CARNHED,03 SEP 2001,NOR,"Sandnes Stadion, Sandnes (NOR)",28 JUN 2024,1023,22
563,6.11,+1.9,Laura VO&#223;,29 JAN 1994,GER,"Sportcentrum Wembley, Kortrijk (BEL)",13 JUL 2024,1023,30
563,6.11,+1.9,Darya YAKOVLEVA,14 AUG 2003,RUS,"Stadium Desna, Bryansk (RUS)",19 JUL 2024,1023,20
563,6.11,+2.0,Yuliya YAKUNINA,08 FEB 2002,RUS,"Stadium Desna, Bryansk (RUS)",19 JUL 2024,1023,22
563,6.11,+0.3,R. PUNITHA,13 APR 2000,IND,"Sree Kanteerava Outdoor Stadium, Bengaluru (IND)",02 SEP 2024,1023,24
588,6.10,0.0,Valeria QUISPE,02 SEP 1997,BOL,"Gobierno Aut&#243;nomo Municipal de Cochabamba, Cochabamba (BOL) (i)",13 JAN 2024,1020,26
588,6.10,0.0,Thale LEIRFALL,12 APR 1999,NOR,"Ranheimshallen, Trondheim (NOR) (i)",28 JAN 2024,1020,24
588,6.10,0.0,Lauren FOWLER,,USA,"Convention Center, Albuquerque, NM (USA) (i)",09 FEB 2024,1020,
588,6.10,0.0,Senni SALMINEN,29 JAN 1996,FIN,"TESC, Tampere (FIN) (i)",17 FEB 2024,1020,28
588,6.10,0.0,L&#237;via H&#220;BSCHOV&#193;,04 SEP 2004,SVK,"Športov&#225; hala El&#225;n, Bratislava (SVK) (i)",17 FEB 2024,1020,19
588,6.10,+1.8,Sarolta KRISZT,28 OCT 2006,HUN,"Centro Gabre Gabric, Brescia (ITA)",28 APR 2024,1020,17
588,6.10,-0.7,Asjah ATKINSON,,USA,"Cobb Track and Angell Field, Palo Alto, CA (USA)",30 APR 2024,1024,
588,6.10,+0.1,Annika WILLIAMS,20 SEP 2001,USA,"Potts Field, Boulder, CO (USA)",11 MAY 2024,1020,22
588,6.10,+0.9,Ad&#233;la SOCHOROV&#193;,01 NOV 2005,CZE,"Stadion TJ Lokomotiva Olomouc,, Olomouc (CZE)",18 MAY 2024,1020,18
588,6.10,-0.1,Klaudia BOGUSZEWSKA,03 APR 2005,POL,"Stadion BOSiR, Białystok (POL)",25 MAY 2024,1020,19
588,6.10,+1.7,Maria de Los Angeles AROYO,18 JUL 1996,ESP,"Pista atletismo Fuente de la Ni&#241;a, Guadalajara (ESP)",12 JUN 2024,1020,27
588,6.10,+1.4,Patricia MARTINEZ,29 NOV 2001,ESP,"Pista atletismo Fuente de la Ni&#241;a, Guadalajara (ESP)",12 JUN 2024,1020,22
588,6.10,+0.7,Linoy LEVY,19 APR 2004,ISR,"Hadar Yosef Stadium, Tel Aviv (ISR)",27 JUN 2024,1020,20
588,6.10,+0.7,Nicola KONDZIELLA,06 MAR 2002,GER,"Stadion am G&#246;ldner, Sondershausen (GER)",17 AUG 2024,1020,22
588,6.10,-1.4,Deepanshi SINGH,03 APR 2001,IND,"Sree Kanteerava Outdoor Stadium, Bengaluru (IND)",02 SEP 2024,1028,23
588,6.10,0.0,Anaelle IMBERT,13 JUL 2004,FRA,"Stade Jean Leroi, Blois (FRA)",20 OCT 2024,1020,20
612,6.09,0.0,Alex GOCHENOUR,17 FEB 1993,USA,"Randal Tyson Indoor Center, Fayetteville, AR (USA) (i)",09 FEB 2024,1018,30
612,6.09,0.0,Verena MAYR,01 FEB 1995,AUT,"TipsArena, Linz (AUT) (i)",11 FEB 2024,1018,29
612,6.09,0.0,Dariya DERKACH,27 MAR 1993,ITA,"Palaindoor Ancona, Ancona (ITA) (i)",17 FEB 2024,1018,30
612,6.09,+0.3,Raissa ROMAO,04 MAR 2003,BRA,"Centro de Atletismo Professor Oswaldo Terra, Sao Bernardo do Campo (BRA)",16 MAR 2024,1018,21
612,6.09,+0.4,Tori MOSS,06 NOV 2003,AUS,"WA Athletics Stadium, Perth (AUS)",23 MAR 2024,1018,20
612,6.09,+1.3,Breanna BROWN-MARSHALL,,USA,"Percy Beard Track, Gainesville, FL (USA)",29 MAR 2024,1018,
612,6.09,+0.5,Gianna LOCCI,29 MAR 2004,USA,"Kentner Stadium Wake Forest University, Winston Salem, NC (USA)",19 APR 2024,1018,20
612,6.09,+1.9,Jaiden BOOMSMA,,USA,"St. Thomas O&#39;Shaughnessy Stadium, St. Paul, Minneapolis, MN (USA)",10 MAY 2024,1018,
612,6.09,+0.7,Valissa BROWN,17 AUG 2002,JAM,"UL Monroe Brown Stadium, Monroe, LA (USA)",10 MAY 2024,1018,21
612,6.09,+0.6,Jodie SMITH,02 NOV 2001,GBR,"M&#246;sle-Stadium, G&#246;tzis (AUT)",19 MAY 2024,1018,22
612,6.09,+0.9,Beatričė JUŠKEVIČIŪTĖ,10 JAN 2000,LTU,"M&#246;sle-Stadium, G&#246;tzis (AUT)",19 MAY 2024,1018,24
612,6.09,+1.0,Tori WEST,14 OCT 1995,AUS,"M&#246;sle-Stadium, G&#246;tzis (AUT)",19 MAY 2024,1018,28
612,6.09,+1.5,Anna PANENKO,12 NOV 2005,EST,"Heino Lipp Stadium, J&#246;hvi (EST)",23 MAY 2024,1018,18
612,6.09,+0.2,Paulina KUBIS,24 MAR 2004,POL,"Stadion BOSiR, Białystok (POL)",25 MAY 2024,1018,20
612,6.09,-0.8,Ruby JERGES,18 MAR 2004,GBR,"Alzbetina street, Košice (SVK)",20 JUN 2024,1022,20
612,6.09,-0.4,Daniela JELIĆ,21 JAN 2005,CRO,"Stadion Branko Čavlović-Čavlek, Karlovac (CRO)",30 JUN 2024,1020,19
636,6.08,0.0,Joely WELBURN,1999,CAN,"Universiade Pavilion, Edmonton (CAN) (i)",19 JAN 2024,1016,
636,6.08,0.0,Veronica ZANON,16 JAN 2001,ITA,"Palaindoor Ancona, Ancona (ITA) (i)",20 JAN 2024,1016,23
636,6.08,0.0,Katre Sofia PALM,30 MAY 2000,EST,"Lasnam&#228;e Kergej&#245;ustikuhall, Tallinn (EST) (i)",28 JAN 2024,1016,23
636,6.08,0.0,No&#233;mie DESAILLY,04 JUL 2002,FRA,"Stadium Miramas M&#233;tropole, Miramas (FRA) (i)",17 FEB 2024,1016,21
636,6.08,0.0,Elena Andreea TALOȘ,24 FEB 1995,ROU,"Sala de Atletism Ioan Soter, Bucureşti (ROU) (i)",18 FEB 2024,1016,28
636,6.08,+0.7,Madri RABE,31 JAN 2001,RSA,"Pilditch Stadium, Pretoria (RSA)",02 MAR 2024,1016,23
636,6.08,0.0,Ana Valeria FRAYRE,09 DEC 2001,MEX,"Estadio Ol&#237;mpico de la Cd. Deportiva, Chihuahua (MEX)",03 MAR 2024,1016,22
636,6.08,0.0,Junjun ZHANG,11 AUG 2001,CHN,"Jiangsu Sports Bureau Training Center, Nanjing (CHN) (i)",17 MAR 2024,1016,22
636,6.08,+0.3,Lauryn FORD,12 MAY 2001,USA,"Univ. of Arizona Roy P. Drachman Stadium, Tucson, AZ (USA)",22 MAR 2024,1016,22
636,6.08,+1.6,Rayven NEALEY,17 NOV 2000,USA,"San Diego State University, San Diego, CA (USA)",23 MAR 2024,1016,23
636,6.08,+0.6,Victoria ZANOLLI,26 NOV 2005,ARG,"Cef N&#176;3 Hugo Mario La Nasa, Concepci&#243;n del Uruguay (ARG)",06 APR 2024,1016,18
636,6.08,-1.5,Lauren YEBOAH-KODIE,,USA,"Weaver Stadium, Princeton, NJ (USA)",04 MAY 2024,1025,
636,6.08,+1.0,Monika LEHENOV&#193;,23 APR 2002,SVK,"Stadion Juliska, Praha (CZE)",11 MAY 2024,1016,22
636,6.08,0.0,Sophie MEREDITH,12 APR 2001,IRL,"Boudewijnstadion, Bruxelles (BEL)",25 MAY 2024,1016,23
636,6.08,+2.0,Federica PALAZZO,25 NOV 2003,ITA,"Stadio M.S. Cozzoli, Molfetta (ITA)",26 MAY 2024,1016,20
636,6.08,+0.8,Naiah BOARDINGHAM,,USA,"CVEATC, Chula Vista, CA (USA)",08 JUN 2024,1016,
636,6.08,+1.6,Elda ROMEVA,23 MAR 2006,ESP,"Camp d’Atletisme Antoni Amor&#243;s, Santa Coloma de Gramenet (ESP)",09 JUN 2024,1016,18
636,6.08,-1.3,T&#226;nia FERREIRA DA SILVA,17 DEC 1986,BRA,"Pista de Atletismo CEAR, Campinas (BRA)",16 JUN 2024,1023,37
636,6.08,+1.3,Elodie FRANCART,15 JAN 2005,BEL,"VITA Atletiek, Ninove (BEL)",08 SEP 2024,1016,19
663,6.07,0.0,Plamena CHAK&#194;ROVA,26 APR 2005,BUL,"Asics Arena, Sofia (BUL) (i)",21 JAN 2024,1014,18
663,6.07,0.0,Arina MALAKHOVA,01 AUG 2000,RUS,"Olimpiyets Arena, Slavyansk-na-Kubani (RUS) (i)",27 JAN 2024,1014,23
663,6.07,0.0,Nina GARAY,13 NOV 1996,GER,"Werner-von-Linde-Halle, M&#252;nchen (GER) (i)",04 FEB 2024,1014,27
663,6.07,+1.6,Serena BOLDEN,15 SEP 2001,USA,"LSU Bernie Moore Stadium, Baton Rouge, LA (USA)",29 MAR 2024,1014,22
663,6.07,+0.5,Montana DJATSCHENKO,29 AUG 2001,AUS,"SA Athletic Stadium, Adelaide (AUS)",14 APR 2024,1014,22
663,6.07,+1.0,Nyla WARD,2000,USA,"Franklin Field, Philadelphia, PA (USA)",26 APR 2024,1014,
663,6.07,0.0,Mareike R&#214;SING,31 DEC 1999,GER,"Centro Gabre Gabric, Brescia (ITA)",28 APR 2024,1014,24
663,6.07,-0.2,Anna KRASUTSKA,20 JUL 1995,UKR,"Pioneer Stadium, Kyiv (UKR)",09 MAY 2024,1015,28
663,6.07,+1.1,Claire PITTMAN,,USA,"Gibson Track &amp; Field Complex, Terre Haute, IN (USA)",11 MAY 2024,1014,
663,6.07,0.0,Maelle SAINT ALME,21 FEB 2005,FRA,"Stade Philippe Mahut, Fontainebleau (FRA)",17 MAY 2024,1014,19
663,6.07,+1.1,Marie DEHNING,26 MAY 2003,GER,"M&#246;sle-Stadium, G&#246;tzis (AUT)",19 MAY 2024,1014,20
663,6.07,+0.6,Myke VAN DE WIEL,04 JUN 1997,NED,"Sportpark Laan van Poot, Den Haag (NED)",19 MAY 2024,1014,26
663,6.07,+0.5,Paulina LIGARSKA,09 APR 1996,POL,"Stadio Olimpico, Roma (ITA)",08 JUN 2024,1014,28
663,6.07,+1.3,Celeste SELA,22 JUL 2004,FRA,"Stade Philippides, Montpellier (FRA)",08 JUN 2024,1014,19
663,6.07,+1.1,Olaia Gisela BECERRIL,16 JUL 2001,ESP,"Pista atletismo Fuente de la Ni&#241;a, Guadalajara (ESP)",12 JUN 2024,1014,22
663,6.07,+1.5,Leona GRIMM,12 JAN 2000,GER,"Waldstadion, Walldorf (GER)",15 JUN 2024,1014,24
663,6.07,+0.7,Chloe CELIGNY,19 JUL 2001,FRA,"Stade d&#39;Athletisme Pierre Voillequin, Troyes (FRA)",16 JUN 2024,1014,22
663,6.07,+0.9,Anna ROTTER,16 JUN 2002,SUI,"Stadion Neufeld, Bern (SUI)",19 JUN 2024,1014,22
663,6.07,0.0,Adeyah BREWSTER,20 DEC 2002,BAR,"Usain Bolt Complex, Bridgetown (BAR)",23 JUN 2024,1014,21
663,6.07,+0.9,Brina LIKAR,03 NOV 2005,SLO,"Štadion Kladivar, Celje (SLO)",29 JUN 2024,1014,18
663,6.07,+1.6,Magdalena PERIĆ,29 OCT 2001,CRO,"Stadion SRC Mladost, Čakovec (CRO)",10 JUL 2024,1014,22
663,6.07,+1.2,Sunniva INDAHL,23 JUL 2006,NOR,"M&#248;rkvedlia Friidrett, Bod&#248; (NOR)",03 AUG 2024,1014,18
663,6.07,+1.6,Chisom NWAFOR,26 SEP 2005,GBR,"Alexander Stadium, Birmingham (GBR)",03 AUG 2024,1014,18
663,6.07,+0.2,Charlotte GOLDSMITH,25 APR 2006,NZL,"Aorangi Stadium, Timaru (NZL)",08 DEC 2024,1014,18
695,6.06,0.0,Elsa PUU,23 JUL 2005,EST,"Lasnam&#228;e Kergej&#245;ustikuhall, Tallinn (EST) (i)",14 JAN 2024,1012,18
695,6.06,0.0,Marijke ESSELINK,22 JUN 1999,NED,"Stadium Jean-Pellez, Aubi&#233;re (FRA) (i)",28 JAN 2024,1012,24
695,6.06,0.0,Winny Chepngetich BII,27 DEC 2003,KEN,"Ahearn Field House, Manhattan, KS (USA) (i)",02 FEB 2024,1012,20
695,6.06,0.0,Sofia PRIBIL,09 FEB 2006,RUS,"Virazhi Arena, Togliatti (RUS) (i)",17 FEB 2024,1012,18
695,6.06,0.0,Prommyse HOOSIER,04 SEP 2000,USA,"Randal Tyson Indoor Center, Fayetteville, AR (USA) (i)",23 FEB 2024,1012,23
695,6.06,0.0,Destiny MASTERS,28 JAN 2002,USA,"The Track at New Balance, Boston, MA (USA) (i)",08 MAR 2024,1012,22
